{
  "command": [
    "python",
    "/home/sqm-research-lab/Downloads/logging_energy-main/main/core/codegreen.py",
    "--cg-worker",
    "--lib-name",
    "stdlib",
    "--message",
    "XXXXXXXXXXXXXXXXXXXXXXXXXXXXXXXXXXXXXXXXXXXXXXXXXXXXXXXXXXXXXXXX",
    "--level-name",
    "debug",
    "--output",
    "console",
    "--log-path",
    "None",
    "--level-value",
    "10",
    "--mode",
    "rate",
    "--target-logs",
    "2",
    "--sleep-time",
    "99.999981"
  ],
  "backend": "NEMB (native energy measurement)",
  "runs": 5,
  "outliers_removed": 0,
  "energy_joules": {
    "mean": 3350.6228554,
    "std": 12.799547384512351,
    "min": 3333.745676999999,
    "max": 3366.775926000002,
    "ci95": [
      3334.732666060079,
      3366.513044739921
    ],
    "cv_percent": 0.38
  },
  "time_seconds": {
    "mean": 200.16976503379993,
    "std": 0.001167093426199363,
    "min": 200.1685546030003,
    "max": 200.17117972199958
  },
  "power_watts": 16.74,
  "budget_exceeded": false,
  "domains": {
    "psys": 3350.622855,
    "package-0": 1453.733168,
    "core": 136.564189,
    "dram": 124.151806,
    "uncore": 0.013586
  }
}
