{
  "command": [
    "python",
    "/home/sqm-research-lab/Downloads/logging_energy-main/main/core/codegreen.py",
    "--cg-worker",
    "--lib-name",
    "stdlib",
    "--message",
    "XXXXXXXXXXXXXXXXXXXXXXXXXXXXXXXXXXXXXXXXXXXXXXXXXXXXXXXXXXXXXXXX",
    "--level-name",
    "debug",
    "--output",
    "console",
    "--log-path",
    "None",
    "--level-value",
    "10",
    "--mode",
    "rate",
    "--target-logs",
    "20000",
    "--sleep-time",
    "0.009981"
  ],
  "backend": "NEMB (native energy measurement)",
  "runs": 5,
  "outliers_removed": 0,
  "energy_joules": {
    "mean": 3396.1303072,
    "std": 18.99825212817448,
    "min": 3368.1587359999994,
    "max": 3417.206828000002,
    "ci95": [
      3372.5446432405433,
      3419.715971159457
    ],
    "cv_percent": 0.56
  },
  "time_seconds": {
    "mean": 205.79661626933316,
    "std": 0.0501552046373851,
    "min": 205.4488053010009,
    "max": 206.05673601099988
  },
  "power_watts": 16.5,
  "budget_exceeded": false,
  "domains": {
    "psys": 3396.130307,
    "package-0": 1495.791056,
    "core": 129.515452,
    "dram": 127.096122,
    "uncore": 0.011768
  }
}
