,logbook,loguru,picologging,pythonjsonlogger,stdlib,structlog
logbook,1.0,0.967277919874327,0.0001504913583227907,0.6835771179333207,0.002518740513354212,0.5961635097717675
loguru,0.967277919874327,1.0,0.00417697986793697,0.9853937870788418,0.03858178145610547,0.967277919874327
picologging,0.0001504913583227907,0.00417697986793697,1.0,0.03858178145610547,0.9853937870788418,0.05645078062835229
pythonjsonlogger,0.6835771179333207,0.9853937870788418,0.03858178145610547,1.0,0.20565662000294072,0.9999940922097149
stdlib,0.002518740513354212,0.03858178145610547,0.9853937870788418,0.20565662000294072,1.0,0.2675950272358213
structlog,0.5961635097717675,0.967277919874327,0.05645078062835229,0.9999940922097149,0.2675950272358213,1.0
