,logbook,loguru,picologging,pythonjsonlogger,stdlib,structlog
logbook,1.0,0.0067904323326226645,5.667264360798008e-06,0.5961635097717675,0.0067904323326226645,0.967277919874327
loguru,0.0067904323326226645,1.0,0.5961635097717675,0.4202637848302485,1.0,0.08076319876431526
picologging,5.667264360798008e-06,0.5961635097717675,1.0,0.0067904323326226645,0.5961635097717675,0.00027453198617921615
pythonjsonlogger,0.5961635097717675,0.4202637848302485,0.0067904323326226645,1.0,0.4202637848302485,0.967277919874327
stdlib,0.0067904323326226645,1.0,0.5961635097717675,0.4202637848302485,1.0,0.08076319876431526
structlog,0.967277919874327,0.08076319876431526,0.00027453198617921615,0.967277919874327,0.08076319876431526,1.0
