,logbook,loguru,picologging,pythonjsonlogger,stdlib,structlog
logbook,1.0,0.6835771179333207,0.9947786976074394,0.00417697986793697,0.0004915822651947455,0.11292518554309783
loguru,0.6835771179333207,1.0,0.3396167627198454,0.2675950272358213,0.08076319876431526,0.8937428354087699
picologging,0.9947786976074394,0.3396167627198454,1.0,0.0004915822651947455,4.279778879223706e-05,0.025796712866943183
pythonjsonlogger,0.00417697986793697,0.2675950272358213,0.0004915822651947455,1.0,0.9947786976074394,0.8937428354087699
stdlib,0.0004915822651947455,0.08076319876431526,4.279778879223706e-05,0.9947786976074394,1.0,0.5961635097717675
structlog,0.11292518554309783,0.8937428354087699,0.025796712866943183,0.8937428354087699,0.5961635097717675,1.0
