,logbook,loguru,picologging,pythonjsonlogger,stdlib,structlog
logbook,1.0,0.9986732863359874,0.8357771478865658,0.3396167627198454,0.8357771478865658,0.15423234046423873
loguru,0.9986732863359874,1.0,0.5961635097717675,0.15423234046423873,0.967277919874327,0.3396167627198454
picologging,0.8357771478865658,0.5961635097717675,1.0,0.967277919874327,0.15423234046423873,0.00417697986793697
pythonjsonlogger,0.3396167627198454,0.15423234046423873,0.967277919874327,1.0,0.016881821245041673,0.0001504913583227907
stdlib,0.8357771478865658,0.967277919874327,0.15423234046423873,0.016881821245041673,1.0,0.8357771478865658
structlog,0.15423234046423873,0.3396167627198454,0.00417697986793697,0.0001504913583227907,0.8357771478865658,1.0
